h2_co2_ratio,pressure_bar,coolant_temp,catalyst,cooling_ua,T_final_C,T_max_C,co2_conversion,c5plus_yield,runaway
3.7318868684089006,20.4582114564936,505.40455440102437,2.038005236154646,14402.352992304646,266.2194611534726,299.19212723194914,0.6928907441359763,0.6310323651530443,0.0
2.191747048526259,30.288803290009092,515.974482892053,0.7366033935963603,19072.010875421714,309.54717645488904,375.6328646549672,0.5928641090303423,0.5401843811609511,1.0
2.0554068220542128,26.2108305273371,536.6015267590603,2.277179757933079,17490.773127964363,315.87586432853107,369.06281077782296,0.6101247336992279,0.5580397666829063,1.0
2.331345095232021,20.00534457334571,499.7306595987941,1.2553725005344853,11529.879801582374,260.1321035072044,288.37185513314625,0.4467397333303343,0.40177712416546923,0.0
3.656139376284588,28.901395184511735,509.2833130683036,1.4636367699630164,17214.543196560364,306.377576374167,383.65985674859394,0.8676693067626977,0.794768614068896,1.0
2.9399075095536644,24.882921486883234,513.3424639185267,2.7183323145289027,41818.78037945296,267.8858006752574,345.15164127501066,0.6503541536774973,0.5933046567457682,1.0
3.7980920049587072,21.664495256875817,479.141686024704,2.488664607713896,74942.5750504186,214.31528519518753,233.0577898955603,0.360296672308425,0.31705532700480266,0.0
2.7839443676735978,15.566959556295632,514.1752653351476,1.8479783031447448,56949.541719232075,243.1952891253336,255.4406361511069,0.41865484180875007,0.3737674383552087,0.0
2.9430799615987118,18.190551976911095,518.1804667927462,2.7395609803442036,62803.96206046951,252.083338930526,280.8932665019546,0.5390628064666542,0.48853342089103313,0.0
3.0238661158124813,17.4911266565026,501.22339238256245,2.0816210188301643,32270.608767433583,238.06336689093558,255.36200597233767,0.4315154446219729,0.3858988193849276,0.0
2.8016128972363723,17.72502463113309,526.3450119215688,2.3405343357675528,19306.232852459132,268.4568379506693,293.261470506229,0.592459927863156,0.5387273479363316,0.0
3.061912970832442,27.79490861849026,497.64503379117167,0.8846160048388978,36340.035942226896,250.00400144685432,334.42831464159383,0.47441576642646166,0.42514842690835625,1.0
3.506232219375697,21.632870584198855,516.4719673570443,2.0254866582715483,72632.0269336691,252.3040445409191,301.8945131885994,0.5894356843070416,0.5342987764559004,1.0
3.1770625200079827,29.32814392796999,471.6485392231729,2.0558344230066172,20658.374714906706,274.2881024583023,385.8807869301453,0.70557634478922,0.6443139564717993,1.0
3.5248862962830483,21.760658025270786,493.3186984358787,2.5119404761050257,39936.53869916685,238.06933072751377,277.1553694019892,0.5172681672916808,0.46679041617452466,0.0
3.1975577006841833,33.60858541203065,529.4733266496748,1.413335235962218,61182.610575296516,288.3813084616504,368.4089529321269,0.75233564962206,0.6877022515428516,1.0
3.7001651216980145,25.058694425957516,517.0956018530981,1.2676475307582333,39363.08752206704,264.82946836556323,315.7772581209631,0.6555862889441224,0.595459910175825,1.0
3.5713496735477,29.386283481328526,509.3842887147208,2.1302981805015584,71104.14817620952,256.84887955344857,324.6554292338865,0.661960390045721,0.6028878979948457,1.0
3.8205960002788104,21.25125288320607,479.568301872368,1.5504705073718477,25510.567132802782,224.71541631267627,247.15059251098398,0.38843815603277937,0.34176772298039376,0.0
3.039229647735895,21.20512640577217,533.0310859043601,1.8433108615443334,5904.925708855995,313.52802746118414,334.1594665997302,0.8003442388617208,0.732694990386437,1.0
3.5801562971726257,26.86592293282659,501.88255538962835,2.722053075391682,56816.48482339468,251.12559807138882,325.6965615495826,0.6420369766919571,0.5844782179463383,1.0
2.447113537470226,16.037392467618183,490.6539624763307,1.4861303187930253,8408.397529933121,234.14240715106723,239.47808029525288,0.32051549456809153,0.28059779934985996,0.0
3.946818854504105,32.498891977925254,519.2571379216838,1.3202344153831858,7525.690771139195,358.52249889351447,400.0129615707849,0.9807583447063895,0.9003660512470981,1.0
2.6229970362372574,20.15901936637512,502.393309033651,1.0476498179706426,6601.559080747006,276.6556297470055,297.7763800073046,0.551952403572325,0.49979703083794025,0.0
3.479123789145296,23.694128955783288,509.6530774498928,0.7755750398328689,14923.017881859727,272.58244149697543,321.9792501685099,0.6244980994368677,0.5653864186223013,1.0
3.698274704241819,30.43405787809925,534.3636506640836,1.8323996352254137,60328.857799266465,286.86680011950693,346.9060472332677,0.8197945082160105,0.7502049976465354,1.0
2.7750542067780755,19.001793339758855,501.06117235485567,2.328317988515595,41578.8445486673,239.75884690585917,268.5481962915619,0.4365448831067386,0.39202338343301224,0.0
3.154637123661403,29.772729649571446,507.64871981959107,2.3996138786977665,6410.731775718992,368.16544943574,410.52555626622063,0.9441556803901419,0.8666781423831519,1.0
3.9939351112870263,24.156487335874488,495.31371018636867,1.1975318674893236,33211.93696239041,240.72506545953377,291.178755944929,0.5046349441123071,0.45168331881731444,0.0
3.9183204728060064,18.240505199665304,504.61408312575645,2.4510967576300233,52632.35293184403,238.65423693117583,256.5149389012729,0.5304481804776796,0.47786731289329965,0.0
3.8671486149968466,28.110740384462567,487.7626872996063,0.6579462178889812,68534.10413594733,222.58445088041088,243.40401199904977,0.32168592785881606,0.27360350208598355,0.0
3.3136615153489855,15.119382756760075,477.7756304743002,2.6490977622294887,34581.133180917925,212.83715867220178,219.65745139084316,0.29544750687951465,0.25511318906271535,0.0
3.2563251152019106,33.92852445073521,515.8706651010189,1.4034352425686716,75931.2952361179,267.6881537739464,345.79203107956687,0.663135703510328,0.6041086605438118,1.0
3.401137275926878,23.387897000566376,479.17887028458347,1.2720639298206167,26751.361351727002,227.2446051390546,265.60077870186205,0.370631505724375,0.3256042873783963,0.0
3.8424050948009283,32.851761041087464,519.1755545934068,1.6661000372122725,14685.532501762098,336.59446880172777,396.60512737830504,0.9607552002796995,0.8817134247236367,1.0
2.504639314851128,28.95828557009487,488.18927938628036,2.892940846790945,58357.19016064916,241.2511998644204,327.24868363274265,0.47048653008750124,0.42617146132143535,1.0
3.8247628851189543,34.091908330456164,483.3791264472987,2.3570797761263917,64807.42892529471,237.18385100607958,323.06413192743753,0.5801378370311416,0.5261413137522284,1.0
2.5930974494969443,24.82829854401934,495.16851971946267,1.0099540978146961,59993.40782496197,232.6723011891507,274.09594068766535,0.32994901198237886,0.28906431582455433,0.0
3.839085430574645,19.510702255913365,501.783905408364,2.32573761894411,48362.02011331152,238.4471353393194,261.9696863247452,0.52496630035861,0.4728776812062682,0.0
2.5485492359357194,28.359124653020928,538.66389561702,0.6026451869441399,5499.530757570174,363.03132644348864,390.69005671984496,0.7657701086002348,0.7009899191610561,1.0
2.405001243608271,21.594237979854384,474.55649049926916,2.9404535771559726,66585.29962511946,212.15997781871727,238.9191662255564,0.27166402339174656,0.2376320148927848,0.0
2.317960003217267,27.81396784792483,532.1971512332283,1.1860352889469794,69930.06384580821,276.3725836265088,349.3071603001756,0.5357343872814765,0.486450614700085,1.0
3.952432708045021,22.289528643289668,538.0773385060706,2.3470415973448446,45123.862125962965,278.9792540437526,327.645892606795,0.8032525462305494,0.7344462737425506,1.0
3.4633004230142266,15.200253022221846,475.540896438335,2.575621963214644,58647.57073470622,207.61212378239537,212.68137935948215,0.26834020034023975,0.2280931146702031,0.0
2.5511120157808134,22.221585819959024,533.9743175715369,1.437156610089994,13808.273296726466,299.3366679328375,340.1826701116661,0.6567861817538134,0.59936445334894,1.0
3.485804414143174,19.58997766821098,529.9971717985669,2.7574524734485975,78488.57167170227,263.43390527420956,301.86307620139246,0.6752312989402002,0.6153161066657361,1.0
2.3097231255341173,24.74764236996612,523.9345256050037,1.3359879602907232,28130.94548698388,282.4621331361899,336.6240104762941,0.5569319746485761,0.5064478716307225,1.0
2.4977392245963927,17.531358009871255,535.787950053463,2.9048396189642127,25802.4372070262,274.0570603490564,298.35722389416503,0.5854809754597193,0.5333256823917282,0.0
2.3703791276379853,16.603007064838895,486.1600308739012,0.9956969702315661,70066.37684606743,215.10631678515045,218.9758080480412,0.19732968126086498,0.1583120604868458,0.0
2.114832621463902,25.950971833437837,470.4219563410361,1.3102281717948667,76947.99977481079,205.71772197503822,219.03789162895072,0.18285978923748006,0.14994125870877212,0.0
2.201633536015757,19.362283374371067,492.14925415237366,0.5743105932515802,77731.61106365533,220.46626593767053,225.0811478726559,0.1897054497724315,0.1489718317028505,0.0
2.3538178578264657,34.26259652711438,486.53109952918936,2.6791581115385066,77394.16680316819,239.12433043948795,314.0123844959935,0.44698648571750393,0.4046721986244379,1.0
3.879690639141734,17.44834817481485,476.8637407367339,2.959837263467404,31900.05254631574,216.64532818818606,230.46298267506637,0.3765419137592667,0.33228237644565073,0.0
2.3225880933117016,23.103851172514446,476.6838223504144,1.8114895126921908,69013.62782859762,212.91352691885902,230.38240262666386,0.2410556651844044,0.20680140596779667,0.0
2.7158422627877057,26.724536097178348,498.1450679344953,0.750469796048502,44576.98685228594,240.8716636423219,319.85893491462934,0.3686420690373366,0.324742566812637,1.0
2.535227233113782,19.967039431157474,475.6842041914432,1.6719741762279803,55247.95150319546,210.64558551390564,220.93520687592763,0.2277409562340476,0.1916740214511447,0.0
2.9472512617999977,33.329943494586566,535.5000612563729,0.7222844381251525,74746.5156873393,284.59505191303924,376.3617469650285,0.6471091893894922,0.5886717247488583,1.0
3.0050719977888205,32.644768583750995,485.8911412912132,1.3663540781940453,33550.70627635255,265.6290780285824,402.9337774890995,0.6124146823094949,0.5569433663390405,1.0
3.4828461702097475,26.637744491664147,474.0364615479977,1.7137278339446147,13580.507210502376,283.7576353069511,343.75210726096736,0.7657983468862909,0.6998236487562433,1.0
2.989897264243786,21.088957396086872,470.96608628184185,0.5552536599215087,50143.00077757919,202.57077613272736,205.14458796693202,0.1567670971354837,0.10856420161234707,0.0
2.8597781201864696,22.438151560667052,488.7249701651107,1.2191821932416125,71420.55285337938,222.53814533642765,238.06776976412942,0.298174709697224,0.25756849854450575,0.0
3.0123986046008966,32.83077498150491,523.619283033837,1.422866160678357,13005.289822553532,358.5391274216479,433.0155939187423,0.8963794537741578,0.8223105901277632,1.0
2.358706947499919,16.547200203146332,492.04548144669803,2.748831889981161,49738.03025740782,226.1355817893944,239.56951271421372,0.3189791510496077,0.28198006489955135,0.0
2.147940005969056,28.213823300354143,491.1531137341198,0.6455536251933398,28750.54443380129,245.76050628411235,317.3103814490305,0.3315620078371295,0.29161422427720357,1.0
3.8493577624174975,30.4107617600646,511.5763326883449,2.179267517402046,77993.72737543835,258.1987276749901,315.47189898104466,0.7037797530721099,0.6417151745859726,1.0
3.783875069180607,29.836898056641207,512.5639923720748,1.3429549709430522,47871.59729016202,267.3173514945556,359.6215266500827,0.7025574564832774,0.6398815285281731,1.0
2.7892825087295736,30.968777408567206,492.7620075077175,1.0467577480435968,10688.959752274859,340.74911198491304,396.5996765479026,0.808702082576291,0.740845437394491,1.0
2.391080395571744,24.969170017646377,506.8379326478442,1.0360231767773858,72301.11119395196,243.81291113601208,288.1597370736073,0.3744511819809902,0.3327742788776128,0.0
2.7694838026323687,20.714336186291487,532.2457567428917,2.7771189207833675,45193.651559920625,273.7684751887914,326.9281490776282,0.6382077583603144,0.5821322363466235,1.0
2.9801807951850603,23.740374766833945,504.9214717512366,1.7383096349314995,70626.16847237576,243.277607642298,309.45187754392043,0.47353140669278165,0.42613167173164923,1.0
3.250297869697753,33.58781219130771,505.0560600752237,2.4301942621772294,78368.67039829577,257.9200736725287,323.61991921667254,0.657376091040302,0.5995011667120934,1.0
2.561278923253511,24.38609695910447,527.0252391278524,1.6799719597157905,31039.21722973272,283.7644065120571,359.9607704589856,0.6207656850823787,0.5658675642959217,1.0
2.961633624989335,30.914649114053685,473.0793726767199,1.3581242674734968,18172.95043720972,290.280913329637,411.83963207550414,0.7152942482042786,0.6533900286621275,1.0
3.542898861637121,24.508594914821714,472.16137164230037,1.5303929053787753,55667.85001537312,210.19542912752854,229.23579501417248,0.2866282107690517,0.245080134885631,0.0
3.1583902781705975,15.414271101676915,488.9721449154883,0.5988830286865042,57933.05106024214,215.5977112652057,217.44519935540757,0.20231345650660168,0.1526129454511169,0.0
2.129977509042766,23.590515290004042,507.9595858611353,2.0843758150667275,28521.476394961388,266.8059311519411,335.39141187203177,0.49168372552197404,0.44639067879122263,1.0
3.8904663376489346,33.66429580254294,508.5622036613646,1.778503077515853,49259.9532716119,273.2630509269817,354.40018067189214,0.7830643139522103,0.7157113097088706,1.0
2.6647572767224044,33.305027587614134,535.4244631906463,0.6717578036735844,63640.5244640278,288.36491569752013,393.01157362857987,0.6145444416823265,0.5587467109182876,1.0
3.055324438529574,22.548531383365933,515.1593964774203,0.7006202436230133,78121.6591113631,246.81434653378858,269.6470874238378,0.41132509086399227,0.3632570232816111,0.0
2.511019286376629,17.66608498925464,482.2928365378554,1.4305378113266893,20029.77267278026,222.39166607718624,230.97022269691394,0.26742706377708825,0.22913354959589743,0.0
3.651554030882908,24.025863081693906,470.80735475100533,1.632788577075251,34396.056522900784,216.16830475144195,252.16766449462284,0.3357513162773475,0.2924538249331312,0.0
3.0859736534443702,20.380285346547325,496.82002226838625,2.549935968569236,65558.63598318383,233.13230206649962,262.32331452660105,0.4395019002180756,0.394324341425054,0.0
2.0587562135344557,30.870448701774773,474.37766492526856,1.69348361011187,11740.722455094714,321.89600183707137,397.29264908104756,0.6161133258385215,0.5635348618020992,1.0
3.320949035032344,25.243037178667894,538.9214955232738,2.4988696703258713,24137.25128715187,305.33697088731003,364.9583959190131,0.8469172285850971,0.7760381389940073,1.0
3.1815301467185275,16.43646482829366,481.788226389313,1.1827632885663337,74495.52764419142,211.17558102944884,214.7130936906783,0.22651908968125642,0.18354394667660714,0.0
2.2166566448063314,19.661253796739153,511.8686834728387,2.1205574810250787,11060.799663818167,277.87711072997706,306.1053994978257,0.5372628369006407,0.48868445316022874,1.0
2.8382267348341204,25.13225775641922,493.0105880507417,1.0635474629601531,23642.64364108515,253.79215272637805,335.2226285778638,0.48145276708222645,0.43287084728141023,1.0
2.638593651339044,19.04441922620589,473.37876206917696,1.5779826578613443,65396.195980552955,206.26704940370155,212.56448001869535,0.20513442861643807,0.16825265420546798,0.0
2.005094877528076,21.828301464336853,498.7147878531977,1.4439885215806183,28213.200763201687,246.32993075203774,293.5556583526318,0.35587415926041277,0.31753896714113367,0.0
2.0865579087830275,29.707557795574097,491.39977316229096,2.0954185820308715,42623.61296659316,254.56598145460816,352.7363490303027,0.45124694052015857,0.40888226172149833,1.0
3.4737827321137464,26.373276915303165,478.9307696983072,1.152495988688008,16780.900084294084,261.755621956558,345.9183797652215,0.6097981024824259,0.5526944850573532,1.0
3.7087366700247113,18.518102887364286,497.0173101663342,2.593921959706709,55115.68365820376,231.8384925934064,249.05979022415204,0.4720912480695989,0.4233338941960682,0.0
2.6019737168090358,23.47467712519524,478.58618030828364,2.952947833722659,46632.493385405054,224.98038140872495,301.82004596454067,0.3701269698964001,0.33090251943574395,0.0
3.735911357395545,25.226891047026307,500.7456349408821,2.9877638054977287,78855.14984277455,241.32987393301312,301.1848534493332,0.5937141489202342,0.5389801084093743,0.0
2.366339581323937,17.65331512910653,496.17466181698137,2.2861727678313706,61679.576603444686,229.3013028805268,243.40218872461855,0.3280273132946648,0.2901555402055094,0.0
2.4188544351639014,19.18667083570008,527.5041338113733,1.763212517772616,66189.87486971138,260.53533735045016,293.94115433973127,0.48367110896453447,0.43710013241183354,0.0
3.912652455367858,30.52433954519077,511.7637745986956,2.851780521576305,79027.72153624441,259.53219888362014,308.94834108133205,0.7438378914715666,0.6794638188140059,1.0
2.8411102834298925,32.94694222859472,522.4470495233328,1.6492973496975627,73760.95174074013,275.76508491766845,346.3314181703373,0.6555732239824533,0.5980811017184897,1.0
3.3697643599321068,18.503781210442803,477.4449171454466,0.9804084876025301,18533.57444742356,215.74291842449577,220.66725502006108,0.2546660158746195,0.2099706580158751,0.0
3.010223289027743,29.118524456749363,539.865226807688,1.5477147240281057,58050.339641417486,291.7547953912051,362.222352561657,0.7333817420493998,0.6702874666775039,1.0
2.3864010793308323,28.403311396339767,534.1290636115486,2.3346588671100883,75164.24295668864,281.2790104018843,330.32134720118927,0.6098790076003279,0.5567366294368046,1.0
3.380925748385024,34.44598780243507,534.3984097894531,0.6860463943597777,15259.668229600058,354.8576352646229,445.5531268128358,0.9230655203852085,0.8464915743698639,1.0
2.02498488414945,33.729876548167866,507.07365185653003,2.5231818898159712,38215.54330912589,289.45444757827204,370.90687822501536,0.5665648908227957,0.5176290595199964,1.0
2.4611941951630554,18.693761740235722,519.5231466094108,1.7084915138818921,72795.4068003264,251.42181510647015,274.495153977746,0.4389306446681693,0.3944959491270597,0.0
3.0847815357538693,28.80568707934364,474.355448933792,1.5985657331122243,24418.863590183115,255.91478408522107,382.8631718706978,0.5727805123243382,0.5196310416700888,1.0
2.6728039172974247,25.28850948149442,486.9088081126826,1.0873181594760961,21335.276176790547,252.46511422955518,334.40210153571365,0.4578859873540058,0.41119408149886516,1.0
3.7148456978427458,26.219686263576378,486.70284335763864,1.1481467338567444,76901.51929255144,222.18602207280992,244.10551274897136,0.35628968739459116,0.31068497548918217,0.0
2.0773464691050507,31.194052149830224,482.09794836255185,1.5830341340442762,56301.76590268721,232.57162277645324,355.46643334515227,0.33178090641328467,0.2954802543566786,1.0
3.9380139408030574,16.47203105524374,505.47741309809976,2.9922149677611682,34776.995384678055,240.26951998971924,256.2215496578873,0.5538634934086256,0.5002587390350217,0.0
3.964267685724745,21.395278474163938,490.9547862896287,0.585116248465368,43100.593877914216,221.87967302093085,228.0203216425632,0.2875898666307413,0.23662534236731808,0.0
2.9162193032734813,22.835679185740865,484.72371971635323,1.9295343136100844,28928.110400181144,237.53183560008864,300.5243638630632,0.43718229552730387,0.392121105042059,0.0
3.0927160703053804,28.560067362474882,491.9747160396569,0.6285480486756585,7260.519901088614,336.56806935042516,383.22795748987096,0.8292966924888359,0.7590195503486217,1.0
2.6811388328207855,32.699397782201885,482.96504064140066,1.4709481662799049,22413.783854296587,295.0227385712768,412.1869583749734,0.6928709975057293,0.633197731633832,1.0
2.1051701600745383,29.94006910064048,483.922653944069,2.5810196878413403,34000.59416056442,260.5792741569867,356.72549377285054,0.49235116522791045,0.447749539033908,1.0
3.0454116915166605,26.348702969867634,499.5016465213918,0.5910356141625133,12584.552035811263,287.92493195158454,353.5195202688137,0.6393161260463045,0.5802285242695248,1.0
2.11218035895963,28.245044099190288,476.0953080553873,2.1631549563415007,8279.613117319213,328.93053180078596,383.91198138456184,0.6436765632103784,0.589245790215545,1.0
2.180999445872076,34.85702044746376,479.42200560994985,2.045010241313307,70370.71431642119,231.35191871180848,328.5713450206017,0.36488119205433295,0.32737280884883363,1.0
3.028142311069752,32.16451038078362,537.9313669646945,2.770098924199723,7149.943306673953,391.1687465414259,432.16984067088356,0.9473577237954043,0.8697864600064165,1.0
2.3987204734005236,32.98935087777994,518.2760094267571,0.8444351808922019,35651.10574610936,293.46182220338164,415.94892918699486,0.6012835135175597,0.5475462289204978,1.0
3.9551362219699624,16.339503817912796,476.79257314576813,2.199756517267399,40117.32791961866,211.07060740925857,217.70909787581576,0.30595718530122434,0.26228688143292267,0.0
2.9882571217625613,31.72964196147981,518.4426517335407,1.6540190358890348,8121.960693020509,374.4733811862475,429.16182306267,0.9140120677123708,0.8387779068554031,1.0
3.439116155425709,19.13612191589537,491.51006980358085,1.691374030645602,5412.66950015312,273.475045142475,289.91580004469176,0.6784285085670648,0.6175621392180266,0.0
3.7717934437297056,30.063344946077788,484.88607898170113,1.396352746074024,14283.649817828611,304.20705871077416,385.7313614550811,0.8720565306771333,0.7987476307856767,1.0
2.5688380334705765,16.847324238934114,473.7965536197725,2.8674617906627398,66999.6728743425,207.09347210671996,215.33340847739186,0.2351357560984487,0.20066117766396183,0.0
3.454419030743117,20.061352707293175,498.0086450977788,1.2487124817415578,27448.7369506944,237.57125250672738,258.4885615491106,0.4272180766449797,0.37895852160827187,0.0
3.6712345990109068,15.949636650901164,508.50606524209627,2.424242584888234,25983.66117857299,242.5733985409929,254.70038853492997,0.5229965566411258,0.4710107917112275,0.0
2.3426807376162757,33.67429584688915,502.6723314591263,2.862378788991805,35872.76811946087,291.76711748598836,377.7145537528753,0.6507047576900554,0.5953026295432192,1.0
3.657296562174336,20.21382156130853,531.049792424702,2.1981321614317766,45758.330013130915,268.48192445295615,305.5912165399792,0.7042388285041649,0.6419095307033894,1.0
3.8940738030935487,25.341900733577937,515.6905366750581,1.3718210573024117,46766.091151865294,260.6357733883739,331.97416973813836,0.656758991397426,0.5963749971619644,1.0
2.524993499592843,32.50822091222818,534.6423472087793,0.8158387604117361,53284.66219944326,292.6054976292306,394.4860494351724,0.6185801665257814,0.5632903844665423,1.0
3.326194534352023,19.395606756856345,473.168803455018,1.7930996556058982,47941.676867974165,208.86337210105313,218.42739687915588,0.26148146950892964,0.22113989654113325,0.0
3.8129334129135026,17.379862537673393,484.6276224104034,2.8276721046249045,25302.62527815993,226.46922365019924,241.5995512197752,0.4412245125263438,0.3938938973486266,0.0
3.355584182004889,29.294085601677597,480.55724342076957,1.60607702659381,73682.14743289456,221.15907725240118,333.22535073905055,0.37047748100683714,0.3274724723952304,1.0
3.705601248794255,22.328871038785902,537.6424803222243,2.3003204894652156,29108.41032746056,286.2883605006841,335.4230465774825,0.8103255614994951,0.7413172815584369,1.0
3.804834916426114,29.864888259024156,530.1630674788128,1.388522792619221,6308.675255091814,356.9496708804604,391.41693926946266,0.9740062593112259,0.894068857790158,1.0
3.531141344116417,17.27867403756788,510.1652025617618,2.8116385733335303,33301.460038729674,247.15643708300934,269.3602820415516,0.5669197650881274,0.5133482422966267,0.0
3.86979760188024,23.03727822294105,502.98676054472685,1.7965044053061545,76755.4867950123,238.6804624356139,279.57472517283793,0.5198946662804367,0.4676801835370805,0.0
2.628564667509884,29.42432939448674,531.6792405010908,2.7954572164146314,15179.186180544231,340.3446686824078,398.4497876544466,0.8020567287775738,0.7354943206144815,1.0
3.757213068100138,26.944310257332873,471.5786197807979,2.5612702276679413,24826.631237475303,247.3536101986166,348.49796880604936,0.6284957716060928,0.5713937860289707,1.0
2.643460129074401,18.095471146814173,487.0303109135304,0.5147325979238566,35552.43254822,215.51005483737623,217.9123558141073,0.18252599102767092,0.13628726837417565,0.0
2.0396984517620957,18.08536946752496,513.788524436413,1.0156324294785892,23383.934183399928,247.24951767703897,261.54441502664895,0.3264068960517693,0.28740456356382,0.0
3.307817086717322,34.14337845649504,487.8828610333268,2.621281314921508,58965.23257467137,249.35689699999512,340.30182729398007,0.6227010635123174,0.5671092702815269,1.0
3.902896705362111,22.98958333829353,488.7537258014038,0.7122856613074858,12037.646290123641,245.38557858348815,269.9586843332447,0.46945524110548015,0.4160149408302365,0.0
2.1222007506494833,23.28468338824281,523.4649116459734,0.9306530949398533,41163.71569141667,264.94374693038617,312.0502129801388,0.42810860277581525,0.3846467153669653,1.0
2.159670200788147,24.468115556629023,496.7597959613411,1.9531974984168639,9222.583763189898,307.6768820549232,344.8378593094942,0.614024216698074,0.5610708568594059,1.0
2.5829602669411704,33.755683683451345,529.1810618673935,1.4935701419103318,9043.699277832384,383.71060722375216,439.5069188686715,0.8209932185439188,0.7530935130571195,1.0
2.0203515026641377,27.559961238274397,504.21649095031177,0.7950873834151396,64036.38943642292,243.8587747867449,288.8256041452686,0.3216224891167168,0.28348952202677924,0.0
2.3733608082970785,27.969231606653903,480.8807017561904,0.8897330632256308,20998.71859466249,256.2361839637207,361.37239057325644,0.43337723173493253,0.38883201002449486,1.0
2.002844847647058,20.563837705826757,506.00542762579613,2.9306656383879246,39711.75679653154,250.50504928449152,296.97355690000256,0.4176433329157857,0.377561477677435,0.0
2.164113151001719,30.00713319753602,526.1744934221736,2.2585548367669768,48761.016083727794,287.19619560203455,355.0730478368765,0.5826636159133566,0.5319923637432424,1.0
2.698252793982858,30.59481967381316,515.560516912373,0.9450880989065819,38378.420116032226,280.4621497368156,405.2528190371854,0.6057535955372731,0.5508133738967739,1.0
2.2744234915030273,28.4972725049112,478.8421643777951,0.8577426617307182,13665.262244000263,291.26307647471117,375.28382853703613,0.562251333815091,0.5111025858616244,1.0
2.631552887665769,16.16582767356795,499.2589493549153,2.292386767630674,73951.68342531992,229.79668907126864,239.0179319168427,0.3474420119286923,0.307335498503076,0.0
2.9265061941093764,25.894933858507173,517.7268003642154,0.6768815808824951,21523.89700467375,280.805387738297,358.6360937623482,0.5992421643347967,0.5429920676553163,1.0
2.3074387216914154,25.406423638482774,513.7013612568434,2.215155108320569,68780.41559531094,257.13245714334425,324.1629115768875,0.49027311305446647,0.4446566139643429,1.0
3.6359100443259065,29.62460509727016,514.7051091094523,1.1293371688705907,43941.22932366602,270.70705702379803,374.60038775815394,0.6895691081037516,0.6276304057519837,1.0
2.0493996964374244,15.351097275846055,493.9353642057491,2.1589867726783583,21952.54318108715,229.7624603676145,238.42808452030374,0.28553424420478185,0.25029658732219356,0.0
2.350095147165214,22.697627393916857,480.47924345109305,2.1922307966005636,52856.66397375453,221.03553995639504,255.7144520414837,0.29818295398622763,0.2623557335086367,0.0
3.246186542831829,25.532622764653624,490.49639136822407,1.2047950078406295,74621.59107606707,226.6490485014715,254.11718206547403,0.35980842076028285,0.3159043323479746,0.0
2.3891709334992384,17.25736776736524,521.2135789031585,1.8601607997533578,42061.235380363105,253.96519615643354,276.35010484562224,0.4429798908096074,0.39864143404710983,0.0
3.211490487009554,27.86637074615547,486.6531752805649,2.00543010487603,58209.13100552509,233.15667533112554,343.89949983937663,0.4592303495933499,0.41275825300430713,1.0
3.2262680127394754,32.60236380794132,479.7990637776793,2.342917815807561,36105.50978246558,260.1787908519899,373.05637409775,0.6608155148116236,0.6026727269319664,1.0
2.8899164539516082,15.841028928276808,530.2940395467626,2.2430866570350227,36586.280232642224,260.38919865490686,278.41831910171663,0.5485889856053546,0.4969605579669881,0.0
3.354162841938061,26.58571941328037,530.7210086717056,2.5681723386801782,79870.64287087461,273.71455357447144,319.8764685826369,0.7356567999791536,0.6722864242354667,1.0
2.997751797488163,28.18653837129162,494.5748804372343,2.761603447972062,65696.65031474561,243.1177525586179,323.5058630241988,0.5349418580299294,0.4853120722474451,1.0
2.620264741914523,24.68241912134941,498.6937886855357,2.6391158595564,74228.01881773495,239.847211867111,313.34713423937364,0.4551835012880529,0.4109802753839638,1.0
2.4655456726782776,33.40252491825157,478.7190560286219,0.6365597053231709,25774.36483107241,234.85132259729886,387.9369861843089,0.3818483839660709,0.3411675913281584,1.0
2.9110430519310113,28.554085422807766,522.9697475699195,1.880902017746152,67290.03993910446,271.5684717682228,341.30813823421875,0.6458119538431493,0.5887932965758554,1.0
3.9825024386858225,32.791051564879815,514.3934793398769,1.1130049877749113,50842.91319292786,271.71330100075454,363.63951403461533,0.7381097235737487,0.6727931795920868,1.0
3.121837813878633,16.91767582330562,506.4010052219135,0.7856659068728132,57171.32065193691,233.60294464670477,239.588093891345,0.3198884747780496,0.27350062808378894,0.0
2.5195163247039094,17.786486038789523,481.242740206617,0.5325846863418346,62589.369381209384,209.57103885231982,211.45608518032975,0.15681186059732882,0.11064021708646336,0.0
3.3984367578062216,16.10812030424068,524.7830631276003,2.2791570902160148,8771.773633854937,263.48799061295404,273.5014625464013,0.6283427072487419,0.5708418855721293,0.0
3.7687117973824726,15.756790609890409,536.3773721924939,0.582093356014116,23766.67359425113,253.21884105152935,258.79355847313195,0.4514870272081928,0.39637039646662797,0.0
3.488740677101612,31.619157484178537,507.50111968373517,2.7097100257077464,49120.88231967224,272.72344987791587,349.48512346443215,0.7666201733107936,0.701204682852975,1.0
3.535805249037965,20.868587511746725,490.06441324462946,2.9510523024404396,5196.544959234671,299.2471434655233,322.93588633893944,0.8522408270271553,0.7807840273465744,1.0
2.818706024630924,22.58225543573774,526.6207239708432,2.4602844136035387,10950.56970449382,309.55696046323385,341.24379396748066,0.7687753315923281,0.7039082040945744,1.0
2.8644023846057602,31.105102746269047,513.2465628857038,1.9558475387971663,30550.19747286453,298.38730251979973,391.033623517916,0.7510510226442664,0.6873298131745447,1.0
2.5292342051568744,31.073558276030962,520.1909596756614,0.9718420354813104,75335.65685647308,266.30714889046135,358.2417514998398,0.5193226723950244,0.4700330641384299,1.0
2.4120902751415696,18.941978947235572,509.8604907439221,0.9917422050896197,72012.51683916057,239.86183281205865,254.38373028183378,0.3298008064858971,0.2886568643188422,0.0
2.711510508377596,28.66486501846795,502.8842466333976,2.611413563223949,64945.827102807496,253.51905183986867,328.18422793494517,0.5546695618380347,0.5043935901659156,1.0
3.968980558740229,23.064429379639257,506.51462253648367,1.8362472706916724,32866.55472099839,254.95497974126624,296.8671705379828,0.6463150828621016,0.5868451797788529,0.0
2.4813916974284465,20.290965664813623,473.5309273236115,1.4990907993375964,7740.598127211051,261.4055653546933,291.4078502809915,0.48845197948532215,0.4411362578469059,0.0
2.9571606303934956,30.990444435118146,494.6218112332552,1.782733594874832,10503.573233605597,347.29636107206943,417.87333346616015,0.874420429429972,0.8020235813979549,1.0
2.57590870185274,21.509580930336316,497.41805669160004,0.6191440085097601,79263.43467172599,227.21870922509618,236.57267325923073,0.2521017712202722,0.20994506443187302,0.0
2.9752351126761827,26.054678839855065,512.726996809492,1.6103124967525368,64019.58147557632,256.2366348543709,344.22782049646014,0.5527442519269997,0.500886429263824,1.0
2.7373355687416216,15.007656569489882,518.9671490054893,0.986388021219383,38718.6195707215,243.73790202555404,250.91035212516817,0.3595452088787091,0.3146704575498887,0.0
3.811417420886593,15.08960514756588,519.6910508522344,1.5574213912162955,16036.653963451106,245.7169663904083,251.6053736028906,0.5026107171366104,0.44966006480422066,0.0
3.4686976926597763,19.798342053019205,508.24107882322824,2.2691378778819846,16615.297561519328,264.2736745745093,299.31582596127544,0.6610146525436307,0.6017132256361052,0.0
3.641872028030523,16.220014956774854,484.07115506001765,2.125459526814378,20255.563794883477,223.04824907126556,231.22500665714455,0.36923598884231396,0.3242535108864024,0.0
3.1704811025274955,16.501235496465487,489.4819429757786,1.7469401241633906,5867.634759097467,245.0069671621643,251.86523593112088,0.46664826459710307,0.41805704348003436,0.0
3.329024256928256,29.760804596556127,507.3677808352961,1.6357317280314907,22066.56323690496,300.85424181462577,392.06697864011096,0.8187258467905364,0.7495440842950801,1.0
2.759094946350153,31.66519520505095,505.6772995644637,2.790213810782609,8878.514126063294,367.7146520523936,421.2951165474276,0.8662728942422087,0.7949369191301144,1.0
2.8760072474958562,21.97143379555765,523.3449646812755,1.4493915225630483,16407.799285392502,285.4096619008634,332.5612206119215,0.6609054630658402,0.6023201874804414,1.0
3.7748363024818135,28.626064817600117,475.2194222862282,1.2974557539039413,12333.035844022006,296.706749906248,353.6881794166917,0.8373208200998979,0.766149323549725,1.0
2.8803551531658536,26.280267066505672,533.4980476011567,2.8350987681789066,40930.87573766723,291.6080000922723,355.8953493073209,0.7434337611357613,0.6803759165049558,1.0
2.279912903492182,22.47440034567954,484.09088118302526,2.6353280759614277,79653.22733365443,220.64491152266874,257.80238909213347,0.3028647281984916,0.26770919873794463,0.0
3.6058173502719395,28.014545929971554,537.148705345276,1.2611970635903647,64576.53874507217,282.05023418788414,349.3862802994114,0.7509775611824682,0.6854306571208875,1.0
3.7898823132708586,33.543952832192005,525.9078917666229,2.1861168651734735,62890.731939968886,283.9107995172918,344.16233334640606,0.8374750785543473,0.766832829229435,1.0
2.934993094499452,23.424029557170897,527.7554997415474,2.5897386721120728,77280.86010902055,267.1920629527949,317.83078992504306,0.6372994235802832,0.5809711928437439,1.0
3.227121870411269,29.254763545507245,530.5139993012532,1.0021246888792652,44348.631655766614,286.4898921354842,388.19944103886576,0.7102922532917283,0.6476938421374252,1.0
2.2655741887758793,26.452040510944094,474.99074798491426,2.9685746188204964,68046.61210220169,217.85002064672108,311.97506610639266,0.3077937009914258,0.2732761371479474,1.0
2.3365233273271295,21.121435127936547,519.4556129139289,1.1687036415639054,76591.8360702539,252.43837960125722,283.04996514815696,0.4085941407106024,0.36545322082785764,0.0
2.1911476099679503,21.95150162159477,475.8033376184478,2.84285236871385,32821.15365399432,226.58491350218776,278.1913845538047,0.3298373516005831,0.2938873674291575,0.0
2.730794083041354,26.712940082325368,526.5885973528307,1.1349087985433242,44160.112261147224,277.81091032671713,376.02984278848703,0.6023846001927314,0.5476435333946155,1.0
2.1182587732747273,15.056124843913274,493.6427201562726,1.6677642712870482,20759.07778258712,226.68016388910377,232.2376557674698,0.25843070153668224,0.22260899165134324,0.0
3.7211231725610308,22.88533948265608,492.679833218734,2.2650280960307114,30404.96920074671,245.14485277588756,293.6806344362931,0.5788571815995379,0.5242632634577786,0.0
2.361255134598648,19.819799817267413,524.4307909327811,0.6635536872805442,11243.28891425295,265.2613850755056,284.3464704722413,0.4248498411350873,0.37883078037661455,0.0
3.9013415128805455,32.331763803029105,524.8842646606736,2.5713116584903988,54300.61703663105,285.2700805861484,344.21936071775633,0.8618073611533412,0.7895303595556878,1.0
2.902184522158951,20.148900214697548,470.26104363996143,2.3880207841111827,18815.76513797789,227.86379790283036,265.33524158432647,0.38207453502725924,0.34018876289798167,0.0
3.6617550205784966,16.185073141017256,481.42222332194444,1.8422373997219184,43481.99375658604,213.94709956531574,219.64974096327285,0.29560799060544485,0.25223439837802264,0.0
2.251910310629213,33.96495449355185,502.2323119196254,0.9647202072355134,17387.698241798775,328.09217149381993,430.28810339895733,0.6607841656296655,0.6041954121304478,1.0
2.027947437011091,15.653691694127675,494.34387544724393,2.5355866340507753,21586.545533616005,232.72209191173948,244.49068070149815,0.30994147868335176,0.2743967976413882,0.0
2.5585148966679307,24.56108122408041,489.0216040404263,1.191649877930609,76201.29694925896,224.2219309315351,246.64582546791075,0.29227991578687323,0.25358640896772133,0.0
3.793244464841317,16.0624924774651,531.1958449581138,2.1803795483230664,63087.33823189519,259.3427307137763,271.35725690365143,0.6373553535564496,0.5784266974593667,0.0
3.6323196398629465,15.708907876214095,493.8141850208798,1.1438693093727914,69179.70802973949,221.815025368646,226.10788669846323,0.30138843037303037,0.25481339793923447,0.0
2.8925040505738133,29.072515985995615,485.8227103096563,2.554612004473527,16155.03230250376,307.26132860902305,390.9773161630011,0.7922966343250792,0.7258519115218375,1.0
3.5640616648513337,16.28329275524966,490.3210724491453,2.0876023641688404,51952.88814720984,222.0163769435498,230.11564517698008,0.35616129157778503,0.311887313421373,0.0
2.018215418376514,33.111681489652966,506.66459942547584,0.9030551805295909,13210.690404872843,338.7115574667404,422.5392494657359,0.6120119273241824,0.5594643748016825,1.0
2.2565929681605406,29.892324987141834,510.4296887021712,1.6437117245997275,69743.51592141445,258.8590996966784,337.4071194526441,0.48069594581349095,0.43555893087387676,1.0
3.104961636790775,31.278935277088692,500.9161983642106,1.7288940508967452,51218.23356330066,260.24245523301454,363.81312176145434,0.614970580066864,0.5594773545122333,1.0
2.8316131073435753,18.024739129452357,510.7290632473124,2.882121082334848,19384.62318429818,259.33573946725505,289.4826555362931,0.5689499785076602,0.5169704523202927,0.0
2.6552972254443645,27.96635727691049,508.33568800465537,1.6418627922069302,12755.935050232842,323.8938968914972,395.33129568775666,0.7606787297552291,0.6965706821040301,1.0
2.2037869050135592,22.132922546056477,493.6707358294433,0.955351408847398,56679.54628466944,227.88774584693886,246.26228569575096,0.260563490685658,0.22324384908646955,0.0
3.2223249558754454,18.899556357327853,508.7605066181393,2.558800057912243,68159.37763039515,242.80500422991986,268.75753119024444,0.5087358955599377,0.4591916410827036,0.0
3.349729527956822,25.642392589826414,490.59155926345306,1.0041264631915772,64371.73733526081,227.18165432286526,259.0617229573834,0.3536223265460012,0.30872083369393644,0.0
3.016852451820019,16.805797094203033,471.31269056833946,2.1107466511658215,30221.982405642346,209.51312381843002,217.63365892431284,0.25117489535081056,0.21263449724369357,0.0
3.139275302790777,33.840165522810295,524.1422019264527,2.1127843665261485,44417.96595735382,298.9990378369042,382.34921692289356,0.8091060323674556,0.7410949530570524,1.0
2.7655728322318964,33.999854786333856,534.9281004131774,2.4390990984823024,6031.213708052058,407.95197254708467,446.5281483033509,0.8928496033878925,0.8196047699653333,1.0
3.2654915875877513,28.158856978501213,530.5892709522257,1.7515288748682147,22727.296224132908,311.3655280619298,387.0285938898063,0.8435186382547567,0.772772335380163,1.0
2.1962636359576075,25.758039450213882,533.3637753364073,1.622998694532678,57766.04276793706,278.7374057675007,345.2264506603864,0.5372228112259536,0.48869269738672283,1.0
2.424281243021845,27.49583385939394,535.2767999300822,0.503076353808048,73319.45440113,273.27660943182707,375.1790692597839,0.475317692300469,0.426816106824784,1.0
2.855403624504991,20.852930620641597,501.3715074900639,1.200146936444219,37361.00378526277,239.64524888536744,266.4509379175738,0.39253307994030273,0.34798661079052107,0.0
2.501420398924043,27.11557729889191,504.14047880114487,0.5658138145574209,52328.205184337436,243.09184736612815,313.67234366597086,0.339707053940047,0.29675638250772746,1.0
2.6886603137295086,23.273174909064124,495.70770607959,0.8694234616994024,47213.2515955817,232.518423468178,258.50564078446484,0.3191990454676989,0.2772672668741887,0.0
3.7521386036104554,20.984774704601428,503.5069051031462,0.5493031087211347,10155.575811427598,243.58612114194898,252.48213557430188,0.40997333154853827,0.3573648878882326,0.0
2.4362383893324213,32.425287903731885,512.3618480777609,2.4860342042157093,55735.39747694264,276.09190651925496,351.41462009238876,0.6137238468825053,0.5603856243058417,1.0
3.149421167499055,24.45115873893767,484.45542872648133,2.319487142511427,11321.204122408068,294.6207625524281,342.5189319750092,0.7802025567301837,0.7140007269640751,1.0
2.054680010322157,24.183984547650702,525.3253298064594,2.538005011944615,55839.48816593335,270.52022352594247,328.0702258907887,0.5042771064408103,0.45882761859735977,1.0
3.0388218806839946,15.525576036934796,531.9032124522588,1.912586682197202,19675.124268111635,260.75371219471447,273.25351682727876,0.5520415986741473,0.4993940064891533,0.0
3.2412255881096854,22.896097868309788,527.9444942520757,2.06992152212323,40429.98789875017,274.5736277638613,340.94995190885527,0.694563960188436,0.6336309713830898,1.0
2.3464550128624335,23.34476066843993,510.5104127264593,2.978921630277338,51650.929395730214,257.15617870032884,325.186366894867,0.5114743425731444,0.4648002426930254,1.0
2.282612030417471,18.758369713971945,506.32705529288063,2.7360529812545877,50961.369324676634,243.44788661572386,267.5974986536903,0.41290393002573633,0.3717247762374956,0.0
3.5877111446205534,30.825090732118582,538.8163512874527,2.206019146433259,60952.377086171626,292.9287145078015,348.46454653482704,0.8448415361321058,0.7738510277653167,1.0
3.591804543675016,17.174574148513145,475.968126660419,1.4572295505590733,54634.257704350115,207.82350483437307,212.5113358351736,0.2422697680617228,0.198918079076037,0.0
2.409811063602506,17.409957454661082,515.4394748360154,1.968410114332113,45472.78014739942,248.74052426216736,270.4435568577545,0.4241077360078567,0.3808536764821976,0.0
3.8566597973845504,24.94382054390382,525.3936934560616,1.401739338173245,33033.71184664493,276.9181381967602,337.0040186297491,0.7495111403998831,0.6836684177351339,1.0
2.0838280352640184,17.770636948333156,514.1126839768847,0.7169768625366988,29319.913460243508,242.2660064155607,251.60944057087386,0.2831441480564521,0.24360591542075885,0.0
2.3953763607544047,21.465589570464424,535.7348575525783,1.0699708863764212,38538.70741866425,274.69667916735534,313.15251655113184,0.5155347485291563,0.4664254968202147,1.0
2.0719469499526895,24.280303506762984,528.4255898587697,1.024748718100014,31452.61951100753,278.5887995742969,325.35864217843914,0.48219682162232497,0.4364800367695859,1.0
2.650968648535324,24.256225693495278,511.01795372081926,2.4381093882398126,73550.95711574797,252.0309878486363,318.06479891871163,0.5183679968005324,0.4701231217303348,1.0
3.393690222976539,30.346242724739554,507.7624798855497,0.6848064957790008,66034.18700190849,249.6769924816681,350.26588851363454,0.48607305287614366,0.4345361755736375,1.0
2.859323248511783,19.84642308251147,482.3975140085556,2.917759382750469,45288.77907597469,222.77135527610324,249.74171924750942,0.36250985755657594,0.3223496528988108,0.0
3.18856464054368,19.755439771318215,510.26474573587586,2.786217519829026,38003.12800433824,252.67912388278398,283.60535165468366,0.5804757085079087,0.5270507473045017,0.0
3.555361048053786,15.603727568643679,528.9726070657022,0.6154140809372435,63419.22759464154,252.33322791998603,260.0240018231226,0.4354037676053529,0.3819639363856953,0.0
2.290245155211821,20.624887408552585,532.9201725275567,2.8925428065410252,27761.210802641854,281.6401364560286,327.46193460578934,0.5851616504367072,0.5338198097052932,1.0
2.677364789645857,30.58181592106255,534.997159842918,0.9748151998863606,75819.9230529956,281.3036908065691,357.99026408616305,0.6083896340362254,0.5534069970599842,1.0
2.4504970290991572,19.308255011222442,497.86247325826764,1.2230145678397788,50069.2077955506,231.0721799092172,246.06999168893014,0.30415194117892375,0.26469841196893973,0.0
2.2203761642340116,34.956906918425204,477.2465852515767,1.4098918891184455,46973.371245097434,221.4169780534201,379.9451271969717,0.3578443963312248,0.32168158532344054,1.0
3.72825734474105,27.694250456160443,478.44373911088974,0.7393814010908994,56111.177023433236,214.80981416230912,230.90396621915687,0.2749120013356508,0.22891769934967765,0.0
3.386165230882634,34.19636416948563,477.55043349848853,0.8229840177720498,67422.67163825553,218.66587434639996,292.59602841785113,0.30921777091038,0.2659816337253267,0.0
3.4149991322015434,24.634857119697394,528.5728307016145,2.712826547273239,37206.223753684404,283.10661045261395,346.72587262014156,0.7834067182528971,0.7167615456823871,1.0
3.7653069508861146,21.310211515787305,497.1646019071289,2.497052076513543,59562.959445650995,234.91349659150274,267.47940074492146,0.5109923753646234,0.46026261268870605,0.0
3.311043055560851,21.72331505686164,512.4738431214864,1.5856314889473562,12826.941643491944,282.17930491628715,322.3694987688813,0.7133325990136682,0.6506507638681984,1.0
2.108204427304148,25.80204640404586,537.4887964897364,2.3933711618653586,66364.04455011094,281.9570350499564,329.87375213127723,0.5512248278849431,0.5026619000442747,1.0
2.3005776510710434,23.155363159284683,487.2151711914882,2.237545745872971,20216.076188648705,258.7734807036521,314.5213983968108,0.49034213438713226,0.4446130757182345,1.0
3.854010551249083,32.92038383394497,489.82361597530746,1.7889017963001987,61983.87886493821,241.77466831252798,334.8998529368637,0.5819238498572852,0.5270990198221972,1.0
2.225604904361152,22.810905171820593,520.3636314740497,0.7463298776982885,62511.39870323973,254.57143346191128,289.6891269180612,0.37722978668842533,0.3348273520676587,0.0
3.747135422524705,15.900899105408,500.84424830533663,1.0596907918607648,20891.47704864884,229.2275257610985,233.1902160932047,0.3493649085965019,0.3008120184566577,0.0
3.944396577735451,34.56351664410779,479.927328767328,0.8287254930301662,17741.977050060625,300.95347609764997,370.1371356462746,0.851891379201411,0.7793471416370519,1.0
2.612740643563765,26.64812077650896,522.1811520109086,2.816605684012569,10118.82416716721,336.7174402135414,384.21247635237137,0.7903769183274909,0.7246290768782648,1.0
3.0017547909764315,15.27235398072817,537.3740076356742,2.255625503913384,53116.62905739709,264.7790067233266,278.7751066518282,0.5834536516191086,0.5294304251560333,0.0
2.21044801410353,19.47425637898856,471.8073557712749,1.3901084598850963,26479.13872399515,212.6981264862568,222.8407484744514,0.2056077689400968,0.1706619514083818,0.0
3.1464994348386988,19.070351453414435,536.9562063976946,1.8225575171953905,64184.22745766344,269.3366170571228,304.8689947491989,0.6278903517335632,0.5708295920654489,1.0
2.5629960650452706,30.7471020372085,521.8878866048742,2.775218007381892,28328.6674548428,310.4349496139479,385.2657552267848,0.7378217713525458,0.6758635186170339,1.0
3.5516009458653013,28.907612078569848,483.6669831266497,2.981382755574722,44794.414337640745,243.40142592086647,335.6566588367176,0.6055629379289176,0.5506221175728171,1.0
2.0130211339306188,29.339821863435308,521.3718490872508,1.8037430262715743,41762.03388309382,283.8447996490703,361.10620362111274,0.5288098146770471,0.4818134548367457,1.0
3.835489392243245,23.770286025737533,509.00326844305073,0.9593432913461851,9270.41922155028,291.93206011279403,328.563035192029,0.7841855415955716,0.7156664112670509,1.0
2.9024589322594103,33.185884428147475,487.30773031749834,1.3271999507212184,43570.5152865706,258.7887300856943,393.14853172679443,0.5753427672884402,0.5226132626649563,1.0
3.9769418704875994,34.35187408493092,508.8409809443931,1.3231656329792616,71830.36741674104,259.5037980732046,337.5024778834178,0.6862203685169633,0.6244161564064312,1.0
3.2851637989971367,34.68442305840905,471.4072127293241,1.35008222725155,58775.221058933574,219.92516076192533,378.69552580615664,0.3573872709191282,0.31513182631795944,1.0
2.457528286755834,33.15317393919213,494.8272635481677,1.864706559100706,73998.58308409444,245.77757645393035,331.7312752482493,0.46417177620786676,0.4197686303464424,1.0
2.952087646208202,31.224199371060877,480.0133114455041,2.012955623867629,77821.72698293148,223.82326781247417,327.48440964269673,0.3860283635018997,0.3445176888294682,1.0
2.982401449129573,30.78295719232466,481.9096125370884,1.9602175831451911,63859.938777578674,229.98624770701508,343.38832451493374,0.42536786454694325,0.3815667781079926,1.0
3.9576771520821383,26.294421119214213,521.9603330430971,1.0388205710872616,55043.67206110973,263.96772771285373,342.0009967492142,0.6586084367689409,0.5974560750749864,1.0
3.5953637027865364,28.704770230635745,520.5864589213074,2.7035047852083642,16961.97899761884,318.87745684605716,376.3340873459791,0.9243512898398597,0.847998603295518,1.0
3.6878168956397097,24.308109731454177,492.51304937875545,2.931985427219442,65157.56710838125,234.1472798837931,305.9763726515365,0.5314455484209645,0.4804335660643741,1.0
3.319062652252147,24.725401379066827,518.0291727216784,1.7690038985500478,41320.99527637127,268.022375655534,349.96998325677134,0.6636391348820458,0.604371201469342,1.0
3.4505622353270216,25.704361124730834,503.48731964778494,1.0724616857073137,75571.97356073535,240.06051736464678,283.07353472003945,0.45459094173335773,0.40540859293830844,0.0
3.098198308403102,16.718275613839047,527.2586124070759,2.0626213609812174,45931.33928591303,258.20961933059925,277.61575558033917,0.5583314293560173,0.5054945455993901,0.0
2.151829222193168,28.39825315011094,498.9284526269344,0.5711209646413867,79482.4995024735,233.92152563827187,275.6644397290921,0.26752860338391427,0.2290018679939783,0.0
3.5012468831548045,18.431485346165314,481.7142863478087,2.887436593156644,37373.559004087794,221.4260609479491,240.75285771080996,0.39196676073416203,0.3481555983036976,0.0
3.1936568347212106,32.27818417534945,491.69928041995405,0.8362196392725094,15518.525211806555,318.118682570057,392.2846164826518,0.8181988617582835,0.7487718954499223,1.0
2.8749406627210705,20.0903016171433,524.5521908829754,2.9653730422993307,7026.576173270381,303.7856543433943,326.9757606268249,0.766455698117959,0.7017031816258785,1.0
2.2859308717739024,21.225141056123533,499.5383867445622,2.24626605436746,36870.88930233459,245.21438275325272,286.3335472464829,0.41704309941677525,0.37542290491191754,0.0
3.612162490135863,23.523266047141725,482.55248800382606,0.708106440981721,66866.2991156061,214.48235148172512,221.9279646473501,0.2522615082860989,0.2055064164430698,0.0
2.9065883432105855,15.436998843115147,522.3516652673611,2.453788674343356,17774.708154437536,256.0407775932397,269.11015532352314,0.5318740482827031,0.48131390887099884,0.0
2.5137861938770687,22.634618101866636,513.1425294401633,0.5973854378500209,10373.005577610871,277.9305166241479,312.98546451585366,0.5070559149175944,0.4565667869325636,1.0
3.2894020135735085,33.023490691872574,513.052982944429,1.9767996049500034,18678.940751270267,332.2055910340065,411.54469564533645,0.9099733592504181,0.8347655175027302,1.0
2.5319873491020406,29.664781806159414,496.35919127782887,1.2374515212965764,22974.179947868186,287.03324644159375,400.69688764170087,0.6208710687136362,0.5658858409837696,1.0
3.376072797135585,31.027823224732565,504.3268957570752,1.770678579870045,27355.316656133287,292.496204358476,387.36944267913066,0.8030913076045503,0.7349819428449712,1.0
3.433406181939774,31.575924304420447,536.3069688011678,1.759509751410747,77213.4041152676,285.71250990742783,340.0091819535553,0.7841799472950849,0.7172562989174057,1.0
2.919636209052473,27.508303026896094,539.853676476286,0.8011753101012689,76135.86237720313,280.1724574021948,361.9059990081298,0.6148626314924618,0.558236086263395,1.0
3.336330346161952,23.646627496909172,471.17513169948376,0.8372948791076307,74332.93976444106,203.47759087455614,208.73490870828692,0.19654073050128884,0.15236065097016463,0.0
2.747374037231007,30.714371356368336,529.3985782184664,2.6998657298224074,26830.201422371876,318.7627233237341,391.89025210763907,0.7947529267310366,0.7284501496364032,1.0
3.361047550722308,29.59350790518009,534.1083001520756,0.7627331086582001,57590.33843971805,281.7097422637314,383.41311057499615,0.6815207367984466,0.6199188637689266,1.0
2.242337091495792,17.578008744652305,537.1182701936846,2.664653855153149,72204.39209722416,268.2325508652473,299.9620011595466,0.5128322139536865,0.46583208915084484,0.0
2.6458451053961367,27.765241328200943,518.7543379187375,1.8900103213137383,68684.59712171569,265.555797449681,336.3132824060024,0.5761350319545724,0.5241277462864696,1.0
3.9344722092835216,25.847507272374468,479.581980740893,2.0322816366767555,65220.46834343222,219.11401377715322,264.0615271112164,0.4021271251379396,0.35644996044905114,0.0
2.140025435340247,16.316564666930628,503.63504061345225,0.768323642869192,9857.671705528915,230.55712942030664,232.8475490931192,0.234175550434072,0.19497321293006478,0.0
2.5813918617389273,29.042222822390997,478.0721210964948,1.9740286626187469,54456.50827463867,226.93210560354555,351.92418558773886,0.364547093461814,0.3250828257456853,1.0
2.521452422014142,16.654209667436362,523.1376236969986,0.7282776036744136,61409.98725944998,249.11252298741465,260.07358968543053,0.3536593130689888,0.3091542612916622,0.0
2.480437233953457,20.742920969978243,514.960056097512,2.408051610513505,34629.15558078057,261.11061641795413,300.4651543535633,0.5255434597234961,0.47707834535459503,0.0
2.72362085470627,20.526835191004423,514.8408040534703,1.519420603884142,28700.002000188295,259.08592547744877,302.18109271843423,0.5105187060888414,0.46119966991480377,1.0
3.0785456355834393,19.552389268754787,472.76616989529305,2.13620002134863,32481.47201752017,214.48455264748594,231.7462992409043,0.2971706792482203,0.25775873702622737,0.0
2.5940473265072947,17.317171311279203,532.5344918057922,2.0602994077660957,40530.94069862733,265.2405723483017,288.1629781576976,0.5350545771752434,0.4850801199453264,0.0
3.7409219272876335,34.79379283146037,494.26960917623353,1.3769157202502977,48320.94963241261,258.64645323187665,367.83041040365913,0.6642558649492875,0.6042719084740722,1.0
3.991899507578848,23.204169168356835,485.09747812122794,0.5276564110509572,56439.40803496894,216.02009512043549,221.00502544434926,0.2530666545624322,0.201544935077183,0.0
3.0723162199798333,16.72516223882754,478.3173170649163,1.2903047004879507,24594.444107172465,213.68096755920243,218.31618064387652,0.24177127173507174,0.20005781903809763,0.0
3.1255459865016886,33.36856952614949,511.24421316548444,0.8470042215655977,42666.94030179428,277.4846019553387,414.9569303954205,0.6510803116633495,0.5922229402130539,1.0
2.1781715604325953,31.929693076860364,475.06066739007395,1.0922544002301016,24306.97159605328,266.26649863892646,388.6808045940061,0.47901285245379627,0.43370715520682507,1.0
2.700786600900333,22.07456050485499,533.6381583702573,2.6461553930766146,42390.81142716598,279.18389436624113,338.1352696763179,0.6507894218664075,0.5940646579304343,1.0
3.6818201397345733,26.967455329510383,525.0966955528329,1.5607284620054516,38550.63047208862,280.56647355757286,359.68310320157354,0.7668293465249997,0.7004032500215375,1.0
2.668573352227752,17.03840971134249,491.2633766862778,2.0393781273603144,72897.09583445624,222.48391538243987,230.98129285392412,0.302840053081316,0.2641425127777171,0.0
2.8706502248125823,20.272127527775424,522.862551331281,2.409977390343125,7421.362548057132,300.9237229531169,326.35057190276734,0.7457857493922221,0.6822688893663973,1.0
3.405816313728015,18.67056424611655,485.65048810322855,1.6608964397123973,21166.203385864967,228.53050321666655,243.4477567831948,0.38278810336299757,0.337516184255481,0.0
2.2332198096858784,27.599859619125883,483.2423880233112,1.8993856369913105,53549.51727624779,230.7951885758696,346.3941210249732,0.344057546766042,0.3066824373156508,1.0
3.521365346629447,22.378821366171216,517.5972600841233,2.7523736396316028,25046.557913649103,275.5507274286367,331.09478202315245,0.755334051792616,0.6903469221777908,1.0
3.202694325581499,31.165102960693435,511.3696933134629,0.5427498456143189,43784.86556617276,263.51423976730473,340.3018064626625,0.534538443072147,0.4806206696784752,1.0
2.931141999404549,26.518773080837416,473.9357212679437,2.0482692900541806,16555.024701791983,276.5261298720608,370.50564813313554,0.6719641321350924,0.6132445275174002,1.0
2.0928797914220647,16.878574403257844,517.3346202437575,2.2263268136178906,73119.69520963426,247.92071608883316,264.4705357284864,0.3863911405331201,0.34665594527331994,0.0
2.662785436564819,30.093995907951093,503.1948521220932,0.6979529834820065,27669.14497791579,275.1032230654653,364.9968637256492,0.5509117087737677,0.4986019553223282,1.0
3.5323407741052817,34.99280459644109,489.2929295655894,1.989761036904346,46342.49603572663,260.9510651206706,363.8286326312092,0.692937189744849,0.632078610550881,1.0
2.9535705801644863,18.62100063561242,515.1101068517231,2.819783622106676,29964.325603463098,257.9514705910734,289.59232144682096,0.5783735852393183,0.5255320850706169,0.0
2.3826408381629287,20.79000240824478,524.0966678644257,0.6223046513888191,10715.144290529835,271.7257226213071,296.57072602066194,0.456802261658663,0.4092007713576289,0.0
3.8843646837248644,29.183287574433322,485.53712300610067,2.691041731008401,32578.58808251703,258.055173922971,345.0733725471713,0.7224719163515203,0.6594051563019223,1.0
3.365004473794915,32.4209102649662,500.4406034595756,1.8573797060099353,70286.76009523628,251.58947920652656,335.18284385550123,0.6041926577792969,0.5490149644161286,1.0
3.130985587587074,25.454611263301775,521.7447460135397,1.4813013894595257,69460.60813495849,262.7338937333325,340.5405642734356,0.5983681967074201,0.5432078049453687,1.0
2.327300351098748,23.512338927175705,506.9679217374947,1.229145277958289,59738.15259993521,245.25378648207118,280.29230171849554,0.38358841930030846,0.34214648616613197,0.0
3.5159552521089976,19.720526250106506,528.7655464370587,2.668732256108194,47121.708936527415,266.3838381634897,305.82733674946724,0.6928043079422233,0.6316864950903027,1.0
2.7985945978152085,28.446570721473233,480.32561281288577,2.2485817512742656,6871.498718171827,348.72231946149816,400.45694709007637,0.8468165056792805,0.7766784562338042,1.0
3.509806464178742,34.75898804666937,529.7135643945095,2.743098687781152,31571.9728849456,321.32072246877146,392.3220280060109,0.9297157852655503,0.8530911881635259,1.0
3.967260516061476,17.890267496863178,537.7512058933582,1.3043470636049344,26533.894567345513,267.45927856909043,283.6292240091933,0.6632086266149554,0.6015034274661796,0.0
2.8258653887363367,31.684153163583396,472.3664303469154,1.0854910911515323,18404.683242041894,289.60268054805476,372.78199116483654,0.6767299710217672,0.6173506866913043,1.0
3.16425895905327,31.3854935884326,525.7619199587896,1.9318238313358038,70804.0028232009,278.01024581330887,342.6772611862058,0.7215835296195581,0.6592902322692669,1.0
3.622130715467483,22.66950323199313,533.1844490316296,2.3973128967279287,64715.772405878335,271.9876607673407,322.3978843579506,0.7383540914887801,0.6741805098501421,1.0
3.117595267196488,25.191962652638423,536.7229729869251,1.7003007510693369,76435.40299575447,276.856833201761,333.2759346508436,0.6812503046486305,0.6212477735085066,1.0
2.4304614825460953,34.91699545994156,505.7693314104261,1.8005428714267726,22676.183416396794,324.4545819960887,416.2702465182349,0.7214039098398526,0.6607273935178152,1.0
2.2388868019719017,34.715062380467586,499.860765682577,2.5051141317888224,30179.248715416197,301.56635875609163,390.98004906620986,0.6443203625189304,0.5895772587993625,1.0
2.186412392331886,28.835306192548344,530.1129179603726,1.528587363400103,57018.27672365147,281.7109970290654,353.64744702509176,0.5485343360217988,0.49941983764583775,1.0
3.6018915782017826,15.876014102972624,495.14115624759654,2.0758827607648485,34913.35370508855,227.7779729833013,235.59549200543165,0.395589816615055,0.34945759931866327,0.0
2.1625811330857685,19.41686675094034,481.56925242300184,1.1543601900795941,53829.751994625236,214.2899965975903,221.69472790144442,0.19909496782511912,0.1634469133080827,0.0
3.8739111139580418,32.36143770488761,506.12104810663067,0.8991787686235609,51538.784188296566,259.03395616663624,377.86134054202444,0.6265807718072915,0.567500370868704,1.0
3.724935878400256,26.001450463004723,477.93796246431407,1.2634415725760408,22198.75228937282,241.350998085181,324.03267902246375,0.5036323054120341,0.4518609431099899,1.0
2.0783330297393157,29.984298380463727,512.835871200824,0.9093332517198245,52192.303144641526,263.90943630088486,381.7677567353211,0.4333170339153489,0.390338164742523,1.0
2.705749429328859,32.09069901322687,521.1290586019021,0.75807189187683,46042.81711400725,281.439293753893,411.48866544582916,0.5979780489722337,0.5431602338846515,1.0
3.4934539864936536,29.179495051237936,533.7435103451418,1.3465487705956152,29763.478547171413,303.78144476770206,385.02997381140597,0.8359702996314374,0.7652692099778989,1.0
2.1408966961468203,21.03821156725194,504.02777374013175,0.6102562467265953,41416.48191311237,235.9394585101088,249.97463644745926,0.26013842806173104,0.22066284494856067,0.0
2.5722655385674535,21.357450270016933,477.0647730859288,2.3063279942350157,31696.424502642534,224.69782072224086,269.9095051784267,0.336942379385975,0.29845628666312873,0.0
2.495002548510576,15.676530341596004,470.37232230254307,2.868938662394428,42904.55383514148,206.0097246642818,213.77922732340244,0.22045692642182374,0.18641579563766353,0.0
2.9682788928250554,27.313241930414456,488.56256578583174,2.2325460690033823,72445.66086028796,231.19666635160524,326.1895183191483,0.43257933460752845,0.38848039481977586,1.0
2.3044434879731908,17.204745560371208,480.251395313014,1.313337921130246,79792.68227499598,210.33580445274958,214.56515438832105,0.19042519952807777,0.153939406152613,0.0
3.374666248722891,33.238981641900324,538.5525525309906,1.442362696151395,24668.204917686384,332.49084083661296,411.42185867073624,0.9091362958278865,0.8337936732779704,1.0
2.9243415735697242,18.817858370938595,528.7957558450216,2.472547014654661,13404.253265820724,281.84802953760015,309.3545375100342,0.6808617334973137,0.6214430627847302,1.0
2.8124302095609077,20.96164052369446,472.69164231247055,1.29550614260316,29494.649933073786,213.81177388444513,226.35842182563272,0.2458085540086918,0.20675418054101416,0.0
3.5837036748730573,21.871979048986347,490.78437134879744,2.1742639585990133,11666.199448439973,273.744283418593,318.2032199997343,0.73136021311974,0.6675228207497321,1.0
2.745974571884804,32.21071013788264,508.07732362261066,2.6540219362874216,47674.18764773316,278.2006256235105,361.830778147342,0.6816344073005477,0.6231158808417848,1.0
3.7447176657939756,17.60998823816842,501.57584897494894,2.856794372523799,29307.203194963833,241.17542702419257,262.90319685192196,0.5477882994235992,0.494951568110798,0.0
3.639937868034358,34.81833018148397,527.667756765026,2.5440726641687315,50555.60235661098,297.4536995871067,363.9857975272208,0.8820103386086039,0.8085841855151423,1.0
2.211278610778346,19.92809151875185,517.9753449436495,1.2095480047779619,40816.632810458024,253.8663239386982,287.0237779894135,0.3979324600480457,0.3558247331249547,0.0
3.930383234910844,33.27426786826559,470.93240761495326,1.1691699086532519,37635.50827751698,229.47382863491606,383.5325561256817,0.449675119704708,0.40053786173180744,1.0
3.068613309067633,21.438780286291355,502.7680683625839,2.002292742008502,37869.96487031941,246.99842576655408,289.5246675067682,0.5091959860427735,0.4596930397319426,0.0
2.5448080870286702,26.407938405190283,492.8583043106721,0.8772292550710856,48608.87966663963,234.20709585242935,302.1758916206061,0.32820506569456603,0.2872656766350845,1.0
2.1706919027516878,19.16181623385096,476.24895383385103,0.6944053518588476,59902.83001645586,206.57469842634606,209.46549398665826,0.1463449791628083,0.10604485625261233,0.0
3.2446128990305105,27.057179451199325,539.3244589669426,2.479467644976666,60683.13126736123,287.8807012832938,342.14764840065095,0.7807434800650315,0.7144945503537283,1.0
2.0113335201147575,15.310971404912905,500.51101334530375,1.996888059788974,42272.85117450733,231.3349350843073,240.1187032130449,0.2838591832865616,0.24859037597476574,0.0
3.3895597068463816,18.147140039763745,489.25920129054646,1.8916424267412173,63220.2660050175,221.63518509212707,231.67366483062307,0.34459265089143676,0.30137348860502444,0.0
3.054301491704648,27.19329776081372,529.277137553441,2.659984388258975,60201.57449239694,279.50794058157294,339.2093868798795,0.7246846176289524,0.662567994079463,1.0
2.6156422323356234,15.488359884355052,519.8343599965599,1.2430675971948741,50337.530843839035,246.77514060570115,257.25012300080493,0.3879165280103282,0.3436709836881951,0.0
2.752724610219951,28.30985331542045,516.8524626368019,1.9430061803869183,54180.03494650802,270.54586591468365,351.94485564789454,0.619146407089012,0.5642264239963796,1.0
2.0662853652742554,24.87502983834651,539.2373615180173,2.627585285688978,53437.72030084368,285.75115640730917,335.59718110053745,0.5552270401166023,0.5066330536275336,1.0
3.897427430652514,32.06653228942922,495.95189936101934,2.1003199183286663,61712.98584135875,249.1022640124122,328.69576938835894,0.651497533907135,0.5926637523012609,1.0
2.128042087034021,22.7410782102,521.5780645066901,1.4864536400458106,71686.48581871657,258.3146821841384,320.6631021457181,0.4315112957755129,0.38893014329067316,1.0
3.917519089632543,23.869529579955095,522.6583073760329,2.0212713447184134,67924.76724464356,261.70080648016585,319.0790295872488,0.698811955521586,0.6365062269606949,1.0
3.300660334830071,16.397748377414057,523.2225741639121,1.9252415683622721,6612.53736919708,264.46115771074335,272.96678647381293,0.6090552598171051,0.5525920613822097,0.0
2.136634052837016,34.60972759918971,494.9790341209663,2.528999681572115,56189.62820522776,261.4660012039941,345.687611601732,0.5094144689178864,0.46378498146285535,1.0
2.2488689328668117,27.37419931366052,470.1298049928401,0.9256668310330498,63451.321869475934,206.36205092259286,219.99586070544734,0.1777264215593956,0.14217362977845963,0.0
2.601072041109723,18.833600357869138,472.22570749746444,1.6828602278262859,11974.442559511388,230.91317436638133,249.90443731093012,0.3389758756668479,0.2987214689015477,0.0
2.296650098007743,34.23084284673407,483.4036155273401,2.2887755944985866,31332.902493127764,281.71176348254426,385.25656766086854,0.6028858265206104,0.5506121230773243,1.0
2.896340877874612,23.62805956472457,482.7534150425186,2.366831717803277,19875.957910248595,258.26050979384615,318.10409802240395,0.579355959113144,0.5266487753784712,1.0
3.6679349043214735,28.083579450316662,503.8130108631917,2.474158137972031,23226.287696257517,288.71582411685085,362.74844605021417,0.8390486134587539,0.7683969705128793,1.0
2.659266831160986,32.6694089223759,525.6301067107242,2.596544528442982,58529.44561895201,288.5467453223315,356.0256293239705,0.701090235669185,0.6414226076581833,1.0
3.7603301029816603,31.319563826499383,498.2017172085294,0.914155312719664,52144.918751259676,247.20901446947164,378.96990066010176,0.53386120287016,0.4799708142640711,1.0
3.5756532651598993,24.583569354262874,532.8766839123505,1.1237192953758028,9673.057221569543,315.8080613559241,354.1887126106873,0.8619246980989191,0.7891830406837642,1.0
3.113617845850072,33.08560990175373,513.5652913858586,1.5246248974246517,13134.71754731213,353.934156634475,430.3421580858534,0.9105121471522213,0.8353552169310127,1.0
2.605832666572698,18.72236811030013,499.07185124448654,2.945377667502753,15004.14861321585,259.7893032823554,294.55349769133295,0.5449673492959236,0.4951458158849338,0.0
3.173664391121142,19.26873867306062,518.9391799413559,0.5382170867960923,32052.752934324228,246.9178236947747,258.41289256343885,0.3816760931596313,0.33198552167911294,0.0
2.779427591028154,19.235568514830973,494.1223699616559,1.7034037321194853,41977.61967660233,230.746888020308,250.6478133465788,0.35575409822173426,0.3141708183036036,0.0
2.455400485847157,24.01254637309371,490.16353697683263,0.5140534154625229,40632.430951694,224.36499031443543,235.6645225675935,0.2266068700119249,0.18486239686447456,0.0
2.820496344828824,25.70101185595898,509.9516349611762,0.9530086284610939,69403.84599292953,247.97440682294484,302.5768914791515,0.4377029711163169,0.3910977406587602,1.0
2.046743991501632,19.610582586057845,500.13799474145026,0.6509688406628702,19015.39712384512,234.2980530128757,243.08310845082565,0.2447497483869396,0.20619236223717463,0.0
2.8477449958350816,32.771092138376474,528.1166925246429,0.8550805153857436,68416.32513167495,279.15499559373757,376.405348294888,0.6200893864904276,0.5637955527200921,1.0
2.9936537273155666,33.793115762880525,472.0006853529266,1.118424702643528,35137.34821449629,252.86297079291,421.6214309529397,0.6304984606027554,0.5751906171190719,1.0
3.549565440669933,31.44267454160873,515.3215449697649,0.9182540621060671,51411.20962420581,269.2363450552623,382.7641531858295,0.6579274226637071,0.5977447570496477,1.0
2.727646991293219,20.902607924272885,472.89745935875555,2.3548069016693725,23469.696278426374,226.785203774364,272.15144265918013,0.3626897020064179,0.32241177917552166,0.0
2.693715593506701,25.472086440860537,477.9182528036562,1.281329150765627,37798.329173605816,223.76175431587836,286.6797718155482,0.3082437049300927,0.2688318681422938,0.0
3.8603694343437174,29.464280743009745,470.58007475093183,0.7917741012965754,79304.50249242396,204.77465374039372,214.06729906529637,0.23152458212108018,0.18604892136633336,0.0
2.314402729714547,33.513787131204495,534.791353443884,1.5728504037744262,33586.79947070188,317.7525797629203,399.8192859575943,0.675027935685276,0.6176652299826705,1.0
3.4983375673206707,34.48148265971302,496.58702518287726,2.466161040198726,18284.949738096293,328.2466574600702,405.4424377010263,0.9368753873441169,0.8597248326221342,1.0
2.1750070232640306,18.3456524738501,532.0476590863111,1.0196576943158067,26331.517829985205,264.4315701774134,286.31294631537503,0.4226302094707197,0.3788040269129697,0.0
2.886564747030974,26.905620293249477,531.3213107599894,0.5621190035355027,66687.15806665238,269.85523640179883,351.7998417298787,0.5248365715855084,0.47221541975444126,1.0
2.4450850069734864,16.576252867324605,520.468224639785,0.7298788615451712,70554.07163074425,246.6002034644397,256.7251194872788,0.33340190010219956,0.28994948440278373,0.0
3.2093628772034863,30.154857375807488,525.9911616693088,1.3806157069110432,59149.674517361214,278.433261915255,361.71770228558546,0.6993968392334109,0.638001335051315,1.0
2.6360869493456134,34.512866303882426,538.3371829979387,2.4455178986204547,35401.80721753571,325.2250154272292,401.31229129111534,0.7824792032085812,0.7172598266376906,1.0
3.4453327841516557,31.79051189443658,536.0850295301271,2.378909104963362,15778.544230259471,346.8285851222223,403.9792781224568,0.9550100891846008,0.8766008011441712,1.0
2.793955321074402,25.918079684143677,514.5209981566651,1.0278850915397628,39149.590392171995,264.7731851651579,318.73194327057536,0.5366799342866808,0.4852674741660412,1.0
2.2289744958997795,27.65255222671493,522.5898424880073,2.315495030656366,25105.731604059132,301.3089012606108,370.9821225820282,0.6289098296159945,0.5749925239290322,1.0
3.7787556253538543,17.949017835684245,476.56026129838966,2.2091499401740373,49529.2772158311,211.18933325806518,219.93176487896932,0.30783333856918876,0.2652338552319826,0.0
3.2362209003160336,21.545638891620204,499.2220066438429,0.7690918110765798,22527.871997004113,239.77462326014904,260.6664778073682,0.3857709288684464,0.33809629555282666,0.0
3.4118550486970456,24.369899898395246,489.9537681102645,1.0964832743590138,27246.747674821632,240.42109325264414,290.5117884973464,0.4506483240346732,0.4016724482375666,0.0
3.46040916586713,28.72434221070162,511.53311890957133,2.3614215170815602,62410.9387894546,262.036943900745,331.85232980362025,0.6876944649106522,0.627280715458691,1.0
2.441284445337407,31.977371900351972,518.5533452633016,1.9202418754067023,43378.13150247906,289.3136201002094,373.9595968599773,0.6422212329192895,0.5867283578835785,1.0
3.4278043530310986,20.33402785955883,498.377621725201,1.177588618711793,7825.642325189812,268.7809188151715,290.70670493400814,0.6224292207067776,0.5642287956103345,0.0
2.96932945663519,32.130706689125454,472.47106719472885,1.5072427260111976,46590.31498039462,226.88035392756427,385.37873376643086,0.383471024373016,0.3411919829621357,1.0
2.1525764154356617,26.547152740068288,485.36332306607756,0.5235572524067282,44913.88115789029,221.54634601446332,236.82393242714272,0.20324481277783107,0.16456246111809883,0.0
2.2686700151712276,25.091609271768718,516.3058393347007,1.984390513105058,47464.51768226067,265.8537794731892,344.6280020216059,0.5128967554340815,0.46584412545620213,1.0
2.4704530972085017,23.93814185732868,528.3385138173059,1.8239240173869509,77582.82091087413,267.14192769245096,325.1768348524133,0.5418966070746205,0.49221933815240854,1.0
3.5699647981644573,32.237163588217086,538.4353771038595,2.9995962614735254,57516.910593434004,298.33667273113156,352.4876354542354,0.8815984598168166,0.8083038913518019,1.0
2.845915906720447,23.961570794492744,505.2140498976753,0.9218705972529593,54848.07034404841,242.74573637931178,288.2168940493483,0.39948224543266686,0.3541583699764653,0.0
3.031291163105276,27.439155273014087,516.5608530890465,1.0531638357158304,26106.36830809693,286.2091886945914,346.0385373010607,0.6806042510666809,0.6202527900305526,1.0
3.8202226242721937,21.717341389022593,539.4562253269775,0.9416698800993839,51867.415528408004,273.2734320807457,300.2034509326902,0.6728580371650293,0.6105730962582787,0.0
3.184920418087697,22.535291887767475,487.48548815199956,1.1035022795237444,34199.652945987924,228.22032860272168,252.27636676259579,0.3461390957446424,0.3020407608001924,0.0
2.3327339041773665,16.76352072381217,493.4627450363662,1.9014639555928814,9813.554867074494,244.35765657856143,256.35040736142173,0.38632257774003476,0.34510125012507525,0.0
3.442692524783964,23.81907699402248,517.4812963494915,2.631497363399831,71352.9844007588,257.9824196430144,315.8518856724735,0.6539617153237669,0.5956545378908138,1.0
3.546700554979477,25.613441299141765,512.2327751218583,0.8042574431877627,65870.0068461111,249.00316000747432,286.2875228198343,0.4929977925166652,0.44064172806921575,0.0
3.282640562678189,17.903648391611895,493.23569378919177,0.5468037846876576,48991.76515972185,220.67765304449028,223.9373477511781,0.2346575171761694,0.18535909361898903,0.0
3.133190954750683,29.494296926277286,516.9789267878208,2.6846858059914847,61845.60270710234,271.09079981046364,337.69002024675467,0.7062317008882654,0.6453029089240689,1.0
3.2771672731477173,18.282180151409353,539.1175092780561,2.8737824790245803,36762.524743334856,275.18751003052455,299.0939674723594,0.7094409856376925,0.6476674217264544,0.0
3.1604068616941463,18.446310304859832,495.4771385879754,1.1632174684524403,73051.03432226364,225.55664484241265,233.93666704664724,0.31455002631009465,0.2708703707825414,0.0
3.142243400546185,34.32023634939048,536.4599591474214,2.8996543600400733,24029.92383484617,342.73975515387474,415.94209146866535,0.9204377960827533,0.8447340623656071,1.0
3.418455716959908,30.651902053489536,474.21482429443773,1.9079937490061865,35203.910119675784,241.86492535018556,370.0268550130062,0.5424294308090556,0.49080707508884047,1.0
2.2371472480123726,30.684086539382385,473.55906504327504,2.602334172018336,46253.94722195832,234.23481850835486,342.6778434052138,0.39508176525586697,0.3559542976549699,1.0
2.5408186645487927,26.10519217297647,488.09565207093516,0.6414394718936365,52909.22884574743,224.16813426809352,243.43115221573737,0.25059422145840127,0.21007269109267915,0.0
3.4083651566935815,24.074053868499874,535.1329954457618,1.592948099375123,48067.17657807176,279.11907110538016,348.63023504860007,0.7200943578021615,0.6569452599171134,1.0
2.684425321412156,28.997159200772863,476.38890874150985,2.8330494553403156,39850.15029152328,241.40993137469775,350.5616757010346,0.4925465657148715,0.44636931372642197,1.0
2.7087592306816584,23.85894136411757,519.9815156874389,2.9083933181993338,67752.94397480456,262.6940285790041,319.999512615948,0.593254759980226,0.54044208251694,1.0
2.4909472259528567,21.168248441235026,488.4148977671854,2.5107553511896006,44031.45516123829,231.05135352724807,268.5982915302611,0.372531712275443,0.33283084631585313,0.0
3.1077249862617924,18.384421778354707,528.0526447339209,2.3095312883797074,55474.675668168486,261.7026779696929,289.11192992313136,0.5991974680626654,0.5443381624871436,0.0
3.9752846357726868,30.165637297966814,538.1503085057257,1.110296424778616,20467.189020754784,318.0907901866407,385.05669476613457,0.916673994155355,0.8401943826700368,1.0
3.6749023398695835,15.17205290694817,532.3657098482986,2.3811359039135898,33839.403250098956,259.81033199048295,272.8121273114367,0.6320323805312543,0.5737327931470649,0.0
3.205076164105926,31.34900333580309,487.57661897667697,1.9386276410927388,35954.097214475725,262.4260386323838,376.8368916962488,0.6499381172516451,0.5922204396707155,1.0
2.4292121560859083,34.06055117828181,486.044837408192,2.608395821425822,60465.04278634682,247.09444345253326,337.6977506076571,0.49584481209038334,0.4502422187697927,1.0
2.812804454836739,27.26008211309368,483.69241148061553,1.0790734689006145,17130.115721401897,275.4723463410909,361.6766500248532,0.6013382821743071,0.5463625617768255,1.0
3.109434046107739,26.14813812848942,504.5594597529823,1.3605301985972353,43031.66011951646,254.35066931876895,340.64942406911996,0.5414739568899284,0.48953716914566553,1.0
2.0955771158268903,33.462634186323584,520.8370197182237,2.131699473875587,5628.9084891922175,389.8099649845269,425.16441699852703,0.6817338357483093,0.6251829565385005,1.0
3.6200757981463845,17.98719970399409,485.03732154417474,0.9353279850906562,48912.74420382849,215.430269802822,219.35385686421415,0.2580136337401159,0.21141375261458956,0.0
3.6277043434065206,31.996459150699717,483.09812922778144,2.972283244017471,71056.36706034032,233.13521316760676,309.31716532322423,0.5513432439749828,0.4998173824304862,1.0
3.997764827694919,20.633978974918584,507.24675306460006,1.6230731797304907,45636.10900091299,243.82118854417195,271.8591467007004,0.5434261672324415,0.4890539305442766,0.0
3.471013934260502,25.574374634819105,491.7883870622451,2.727928474050444,8016.412031176524,320.6323855398299,366.853468680447,0.9103848975930808,0.8350488755862159,1.0
2.8048807941510354,16.96531961471418,526.2447780238639,0.8940933495685883,69016.0813441711,253.26396406545757,267.05445513047164,0.422502315776613,0.37499233521582204,0.0
3.2803026303368776,22.246344581532206,510.81606971818013,2.846337109663485,59439.34516908144,251.9226571736241,314.6242830069252,0.6000858318025615,0.5454941362313336,1.0
2.7198716667845346,22.15566603364082,531.5049026281772,0.8123007551882533,57376.28801254031,266.1874942718781,298.92361673633457,0.500284937588375,0.45007077279884844,0.0
3.230470479496126,18.255196444223074,530.8932055910092,1.4743801686598372,8545.32870903335,277.0757423756726,293.08880702474505,0.6559210516465843,0.596529702516732,0.0
3.9880254991999866,34.585254468887115,504.75192579074655,1.235531451937335,12258.2348656979,341.6755331697709,404.8510030532542,0.967581218867755,0.8879842099924895,1.0
2.7878800938616966,21.896242508453177,521.4530106924982,1.4228497163824114,25501.67086295186,272.12879519985347,321.5859606462601,0.5858478956019211,0.5319969779348317,1.0
2.068273033483615,19.91409999192157,531.629671030211,2.4216882303455214,15905.161756184098,285.2321611150436,314.36472709446343,0.5391266675216245,0.49120279180922327,1.0
2.036162408844505,34.40624781018609,480.9555958955797,2.912853462808074,66438.65113900088,238.1076809012332,319.89619892152155,0.4035315675545158,0.3649973577356102,1.0
3.694800977766139,30.256505284874144,474.7761950767456,0.6515294819698294,75729.51822055521,209.14620895336452,220.74576555804282,0.23822714577574367,0.19226206167335266,0.0
3.92625661305601,27.90916803401091,520.1325557039673,0.6705070399067319,39048.10766214502,268.37809229382253,326.56065291296295,0.6440057480878728,0.5827673415244095,1.0
3.435963403066782,17.026620146269305,485.3014118669877,2.519190478500447,37060.16443317043,221.64771460520961,233.71104775212035,0.36800760554798145,0.3246833202210472,0.0
2.7723940414942474,21.99294079774004,487.9502343048663,2.2201009988918727,61253.45015342058,226.1072022094662,255.42026569899497,0.3618093949386941,0.32137483304996683,0.0
3.678966205782628,27.386760799014255,481.1997276860402,1.9468853287933068,30887.274583661823,245.0004033726001,353.48298051213624,0.5780857076027259,0.523641059651964,1.0
3.0201529760801007,27.269351219247994,512.0375633491262,1.8164505371548652,40250.454246441725,270.9281524092594,366.03281888719414,0.651539386812839,0.593813961765875,1.0
2.472888382887519,18.56018974337571,524.294744442821,0.50646645478736,54801.95465428392,250.76724814615488,262.6541803484989,0.3378109112815908,0.29274229230660104,0.0
3.2951776195324562,18.948376301525336,498.5617854972346,2.8029153243294607,53646.3309532188,235.11609521166912,256.32823976256816,0.4730324345259473,0.4255521501361327,0.0
3.303588779630161,28.758605664009842,475.42897153028974,1.733293034437924,23137.79142117098,261.7645225651322,381.73522768110263,0.6396165400209265,0.5820586245804759,1.0
2.5864007993168467,15.783844448047066,502.04116517818665,2.1411705328234945,75258.3607524697,231.832627591191,240.63105487654718,0.3476226198268509,0.30736103021254324,0.0
3.214856097047095,29.537671953156675,517.2055772356117,0.8219316643183676,27866.05286625994,289.0130093444619,354.3202182400154,0.7046771131757049,0.6421630240100228,1.0
2.8326811339873466,26.080341366129698,489.6219375434126,0.7828305915971433,34106.589574973856,234.95379109685666,292.19460482760985,0.3452540482314097,0.3017624481838123,0.0
3.8773595914094265,20.414899679789528,496.00783898974225,1.7163346152061283,49909.078238915434,231.81454287971962,253.14874959534234,0.4504940601763125,0.40121415366168106,0.0
3.2727996741042125,17.81617490012328,527.4022420656131,1.8837487478916626,15617.524446097135,268.4371131527449,289.04506808756355,0.634643885156979,0.5768397755761373,0.0
2.486719111672286,22.416201888930615,539.6429351174206,1.540406890671048,14193.134334958831,304.09573941213773,341.290554794489,0.6626817411929942,0.605181845990282,1.0
3.7111438518309057,27.088937826808184,492.32466048567835,2.6947406103248173,67231.84699110177,236.86324149692035,313.6036042668403,0.5565096261948187,0.5039915810146028,1.0
3.425462025652534,33.90491594408288,474.9155658799702,1.5036700322216967,32195.09553250078,235.40427042722746,392.4668539210654,0.4945920054078669,0.44556191373180465,1.0
3.3448580962726546,31.85930537728947,509.5817054638345,1.7444574121485232,67589.96496109253,261.7339040389454,342.04472651138076,0.6547858860841843,0.5963615033032182,1.0
2.756618348464043,27.704546868123167,526.9182171390803,2.9236173882743586,14665.925318364076,330.92712298801655,388.5262849105943,0.8179473802021242,0.7500025662160846,1.0
3.047591896838157,25.014893116220904,484.27254014660446,2.8054895395302504,36463.34633416825,241.4363848071598,341.8912972696428,0.519660235205194,0.470673464339954,1.0
2.2594001804479293,31.524456083054893,486.29280279167125,1.8675786859058925,21769.004603592814,295.44045069204515,392.3758669912362,0.6185363813504946,0.5650993985127324,1.0
3.0778281699954686,15.989743331306139,482.60161735093396,2.4175464301412615,52539.97121961398,215.31013641761695,222.82451613198316,0.29509203186596816,0.2554824269956239,0.0
3.56139275195863,31.828904657263692,525.1177870035237,1.2144603153358942,30702.553702715657,303.2736750543403,393.5690178100009,0.8415063304726693,0.7703391638094764,1.0
3.9225447542736225,31.513829396349905,523.7750172801459,2.0139174046337565,60545.74196111484,278.02687627381965,338.8781451684016,0.8136560443275723,0.7443462479562543,1.0
3.786322585263086,24.10711716516372,520.950006250275,1.601760839714546,78680.22400864889,257.8354782870367,318.72832246218286,0.6395587139745067,0.5806156147288413,1.0
3.51291401001854,24.771007520628448,516.1534949807659,2.6148233944961046,62154.56857110359,260.1740825171397,323.3649760601976,0.677828653160195,0.617927354322439,1.0
3.34075325266254,23.18892500099703,535.9274240211819,1.5370420217165885,29616.248365651372,286.194051779848,333.02041709079344,0.7387729598915614,0.674477265125165,1.0
2.0345964178839986,17.117355529339896,502.47904754476735,1.1335276025232126,31216.11755682949,233.82341025172406,243.17105413042816,0.2678816173761924,0.23108775338863696,0.0
2.0979339248500266,20.70148270545508,497.22576372004596,2.373137152503098,51011.438327447104,236.73174767133065,266.1908459123807,0.35338058160649277,0.31597230009178046,0.0
3.8308059131737027,25.364660610304313,503.309471253316,2.676098271876434,71555.65574308543,244.95343235547227,308.9721247429228,0.6165013056656403,0.5599994298235962,1.0
3.6844705683938686,15.38510676390874,529.8712679302299,2.783996263939922,61082.09350831223,258.13225860495413,269.3818541250671,0.639566883982577,0.5811533356392329,0.0
3.803738274185784,22.93268010756715,509.1143549717986,1.5126078084236585,49544.957751224174,248.90696634815833,283.40896197968016,0.569069551961596,0.5138429224286882,0.0
2.7410443192756353,26.79319631982363,532.7039045840993,1.980080059893973,18032.975607766202,318.5203086765191,385.3194569831734,0.7735657358788814,0.708488547100976,1.0
2.414550874049019,17.091495818370575,516.65603278967,1.615590143324612,78814.90168679856,246.23107703140988,257.9883826727248,0.3940592984746811,0.35166668894150094,0.0
3.614321214536256,30.385640811812497,526.7457970637874,1.4545328263412367,39475.782110447406,291.07269369598293,372.78154900333925,0.8106902693271347,0.7415811327177616,1.0
3.847599599832412,22.064951705775968,505.84527650951486,0.8756926143604431,54066.116449922854,239.26507738180646,261.7939283914644,0.4397619709622015,0.38846168123985375,0.0
3.2691929555414476,34.13381510072631,497.514565079936,1.7223381360591916,47511.11650545496,266.56647431226406,373.17530991548335,0.6775148199359011,0.6178566416815933,1.0
2.3759304095469966,30.5052826689381,513.9896360912661,2.1653871740676864,38905.9403801929,285.9665187882981,369.18014025156856,0.6226526947900246,0.5686987450193444,1.0
2.2706875493791507,26.797772130479196,495.5763998382412,1.330435358998245,9480.902931955228,319.16253333350414,364.42782093173173,0.6521331686651581,0.5960846084644486,1.0
3.9080635971696545,31.48175054878878,500.0716002514373,1.2786401071230025,5112.78717263329,361.5624539969257,396.42979755082047,0.9806772150310699,0.9002896724085155,1.0
3.6001861498432053,20.498070444804704,496.459609306488,2.150745537711135,14048.293729518942,261.58173853974256,297.1644027402889,0.6574228551172014,0.5980581448095841,0.0
3.261400200708503,31.876825725966828,500.264455529031,0.8644028141240356,19574.76918321762,305.6626630062906,377.9464558118558,0.7885059867034494,0.7208740726262105,1.0
3.0660277666380056,30.22222302266085,480.7954998141083,1.8762202985940795,59276.22067388085,229.08096864657267,351.52301997528787,0.420742196303323,0.37677331556253957,1.0
3.648115223571259,27.17486593982743,510.9346629421962,1.5651261158913887,27085.664194968216,279.7331939886968,367.20685129065623,0.7600541983091417,0.6941177600514159,1.0
3.334520142423508,27.020419275900792,501.679602338545,2.1017570874228273,50639.68486890938,252.68691722135145,345.0429693835083,0.6012128438296894,0.5462036400813584,1.0
3.09449443243483,32.57227494473646,477.18301265847964,2.148107540521478,69801.41664542159,225.04396071305973,330.88016423983095,0.4163403199520106,0.3731199294511633,1.0
